time,freemem@tsung_controller@ip-172-31-61-37 
0,690.2265625 
10,690.39453125 
20,690.4609375 
30,687.9921875 
40,684.734375 
48,676.61328125 
