time,freemem@tsung_controller@ip-172-31-61-37 
0,690.2265625 
10,690.39453125 
20,690.4609375 
30,690.4609375 
40,690.4609375 
48,690.4609375 
