time,cpu@tsung_controller@ip-172-31-61-37 
0,1.5537940656352474 
10,0.5497251374312844 
20,0.8986520219670495 
30,3.8194444444444446 
40,14.180929095354522 
48,44.602128737962495 
