time,session 
0,10.7646 
10,4.460836734693879 
20,4.569741626794256 
30,4.994510335917311 
40,4.973180063291141 
48,5.13736076662909 
