time,session 
0,18.72047686465278 
10,0.4583082621340775 
20,0.9146742930846421 
30,1.8344972223142504 
40,1.1711402331667071 
48,1.1468175191683023 
