time,cpu@tsung_controller@ip-172-31-61-37 
0,1.5537940656352474 
10,0.5497251374312844 
20,0.5497251374312844 
30,0.5497251374312844 
40,0.5497251374312844 
48,0.5497251374312844 
