time,load@tsung_controller@ip-172-31-61-37 
0,0.0 
10,0.0 
20,0.0 
30,0.16015625 
40,0.28125 
48,0.55078125 
